Predicted,Actual
Depression,Suicidal
Depression,Depression
Normal,Normal
Depression,Depression
Depression,Anxiety
Depression,Depression
Depression,Depression
Depression,Depression
Bipolar,Bipolar
Depression,Suicidal
Normal,Normal
Suicidal,Depression
Normal,Normal
Depression,Suicidal
Depression,Suicidal
Depression,Depression
Depression,Suicidal
Normal,Normal
Depression,Depression
Depression,Anxiety
Depression,Depression
Depression,Depression
Depression,Depression
Normal,Normal
Depression,Bipolar
Depression,Depression
Depression,Depression
Suicidal,Suicidal
Depression,Bipolar
Depression,Depression
Depression,Suicidal
Normal,Normal
Normal,Normal
Depression,Depression
Normal,Normal
Depression,Suicidal
Normal,Normal
Depression,Anxiety
Normal,Normal
Depression,Depression
Depression,Normal
Suicidal,Suicidal
Normal,Normal
Depression,Anxiety
Bipolar,Bipolar
Suicidal,Suicidal
Depression,Depression
Depression,Depression
Normal,Normal
Depression,Anxiety
Depression,Depression
Depression,Suicidal
Depression,Depression
Normal,Normal
Depression,Depression
Normal,Normal
Normal,Normal
Depression,Anxiety
Depression,Bipolar
Depression,Depression
Normal,Normal
Normal,Depression
Depression,Depression
Depression,Depression
Normal,Normal
Normal,Normal
Depression,Personality disorder
Depression,Normal
Normal,Normal
Depression,Depression
Normal,Normal
Depression,Suicidal
Normal,Normal
Normal,Normal
Depression,Suicidal
Suicidal,Suicidal
Depression,Personality disorder
Depression,Depression
Normal,Normal
Normal,Normal
Depression,Depression
Suicidal,Suicidal
Depression,Depression
Depression,Depression
Depression,Stress
Depression,Depression
Normal,Normal
Suicidal,Depression
Depression,Suicidal
Depression,Depression
Depression,Depression
Normal,Normal
Suicidal,Suicidal
Normal,Normal
Suicidal,Suicidal
Depression,Depression
Normal,Normal
Depression,Suicidal
Depression,Depression
Normal,Normal
Depression,Suicidal
Depression,Suicidal
Suicidal,Depression
Bipolar,Bipolar
Depression,Suicidal
Suicidal,Suicidal
Suicidal,Normal
Depression,Anxiety
Suicidal,Suicidal
Depression,Suicidal
Suicidal,Depression
Normal,Normal
Normal,Stress
Depression,Depression
Normal,Depression
Depression,Depression
Suicidal,Depression
Depression,Suicidal
Normal,Depression
Depression,Normal
Normal,Normal
Depression,Suicidal
Depression,Stress
Depression,Depression
Normal,Normal
Normal,Normal
Depression,Depression
Normal,Normal
Depression,Anxiety
Normal,Normal
Normal,Normal
Depression,Bipolar
Depression,Suicidal
Depression,Depression
Normal,Normal
Normal,Normal
Normal,Stress
Depression,Depression
Bipolar,Anxiety
Normal,Depression
Depression,Depression
Normal,Normal
Normal,Suicidal
Depression,Suicidal
Depression,Depression
Depression,Depression
Normal,Normal
Depression,Anxiety
Depression,Depression
Normal,Anxiety
Suicidal,Suicidal
Normal,Normal
Suicidal,Depression
Depression,Suicidal
Normal,Suicidal
Depression,Depression
Suicidal,Suicidal
Depression,Suicidal
Normal,Normal
Normal,Depression
Anxiety,Anxiety
Suicidal,Personality disorder
Depression,Bipolar
Normal,Normal
Normal,Normal
Depression,Suicidal
Normal,Normal
Suicidal,Normal
Suicidal,Depression
Bipolar,Stress
Depression,Depression
Depression,Suicidal
Depression,Depression
Normal,Stress
Depression,Depression
Depression,Suicidal
Normal,Normal
Normal,Normal
Normal,Normal
Normal,Normal
Depression,Depression
Depression,Suicidal
Normal,Normal
Normal,Normal
Depression,Suicidal
Depression,Depression
Normal,Normal
Depression,Depression
Depression,Personality disorder
Depression,Stress
Normal,Normal
Depression,Depression
Suicidal,Normal
Depression,Depression
Depression,Suicidal
Normal,Suicidal
Depression,Suicidal
Depression,Anxiety
Normal,Normal
Depression,Personality disorder
Normal,Normal
Normal,Normal
Depression,Bipolar
Depression,Depression
Normal,Normal
Normal,Normal
Normal,Personality disorder
Depression,Depression
Depression,Depression
Normal,Suicidal
Normal,Normal
Depression,Depression
Normal,Normal
Depression,Anxiety
Suicidal,Depression
Depression,Depression
Normal,Normal
Normal,Normal
Suicidal,Anxiety
Normal,Suicidal
Depression,Depression
Depression,Suicidal
Depression,Depression
Normal,Normal
Suicidal,Normal
Depression,Bipolar
Depression,Normal
Depression,Suicidal
Suicidal,Stress
Suicidal,Normal
Depression,Depression
Depression,Personality disorder
Normal,Normal
Depression,Bipolar
Depression,Depression
Depression,Depression
Normal,Normal
Depression,Personality disorder
Depression,Suicidal
Depression,Personality disorder
Depression,Depression
Depression,Suicidal
Normal,Normal
Normal,Normal
Depression,Suicidal
Depression,Depression
Depression,Anxiety
Depression,Anxiety
Depression,Depression
Depression,Depression
Depression,Suicidal
Anxiety,Normal
Normal,Stress
Normal,Normal
Normal,Normal
Normal,Normal
Normal,Normal
Suicidal,Suicidal
Normal,Normal
Depression,Anxiety
Depression,Depression
Suicidal,Suicidal
Normal,Suicidal
Depression,Bipolar
Suicidal,Normal
Depression,Personality disorder
Depression,Depression
Depression,Depression
Depression,Depression
Normal,Normal
Depression,Anxiety
Normal,Normal
Depression,Bipolar
Depression,Anxiety
Depression,Depression
Depression,Depression
Normal,Bipolar
Suicidal,Normal
Depression,Depression
Depression,Suicidal
Anxiety,Stress
Depression,Depression
Depression,Bipolar
Suicidal,Anxiety
Depression,Depression
Bipolar,Depression
Depression,Suicidal
Depression,Suicidal
Depression,Stress
Suicidal,Suicidal
Depression,Suicidal
Suicidal,Normal
Bipolar,Bipolar
Depression,Depression
Normal,Normal
Depression,Normal
Depression,Depression
Suicidal,Normal
Suicidal,Normal
Depression,Depression
Depression,Anxiety
Depression,Suicidal
Depression,Depression
Depression,Stress
Normal,Normal
Normal,Normal
Bipolar,Stress
Normal,Normal
Depression,Suicidal
Depression,Depression
Depression,Stress
Normal,Normal
Depression,Suicidal
Depression,Personality disorder
Normal,Normal
Suicidal,Suicidal
Depression,Suicidal
Depression,Depression
Depression,Depression
Normal,Normal
Suicidal,Suicidal
Depression,Depression
Depression,Personality disorder
Normal,Suicidal
Normal,Normal
Normal,Normal
Normal,Depression
Normal,Normal
Normal,Normal
Depression,Suicidal
Stress,Suicidal
Normal,Normal
Depression,Depression
Depression,Anxiety
Normal,Normal
Normal,Normal
Depression,Suicidal
Depression,Depression
Suicidal,Suicidal
Depression,Suicidal
Normal,Normal
Normal,Normal
Normal,Normal
Depression,Personality disorder
Depression,Depression
Normal,Stress
Depression,Depression
Normal,Normal
Normal,Depression
Depression,Bipolar
Depression,Depression
Bipolar,Suicidal
Depression,Suicidal
Depression,Personality disorder
Suicidal,Suicidal
Normal,Anxiety
Normal,Normal
Depression,Suicidal
Depression,Depression
Depression,Anxiety
Normal,Normal
Normal,Suicidal
Depression,Depression
Depression,Stress
Depression,Suicidal
Normal,Suicidal
Suicidal,Suicidal
Depression,Anxiety
Depression,Suicidal
Suicidal,Depression
Suicidal,Bipolar
Suicidal,Suicidal
Normal,Normal
Suicidal,Suicidal
Depression,Normal
Depression,Depression
Normal,Normal
Suicidal,Suicidal
Depression,Stress
Depression,Depression
Suicidal,Suicidal
Depression,Anxiety
Normal,Normal
Normal,Normal
Depression,Suicidal
Normal,Personality disorder
Normal,Normal
Normal,Normal
Normal,Normal
Depression,Depression
Normal,Normal
Depression,Normal
Depression,Depression
Normal,Normal
Normal,Depression
Bipolar,Depression
Depression,Suicidal
Normal,Normal
Normal,Normal
Suicidal,Suicidal
Depression,Suicidal
Depression,Anxiety
Normal,Normal
Normal,Normal
Suicidal,Depression
Depression,Suicidal
Normal,Personality disorder
Depression,Suicidal
Normal,Suicidal
Depression,Suicidal
Depression,Depression
Depression,Depression
Depression,Suicidal
Depression,Suicidal
Depression,Depression
Normal,Anxiety
Depression,Anxiety
Depression,Depression
Suicidal,Depression
Bipolar,Normal
Depression,Depression
Depression,Depression
Normal,Suicidal
Suicidal,Anxiety
Depression,Bipolar
Depression,Suicidal
Depression,Depression
Depression,Depression
Depression,Normal
Normal,Suicidal
Suicidal,Normal
Normal,Normal
Normal,Anxiety
Depression,Stress
Normal,Normal
Normal,Normal
Normal,Normal
Normal,Suicidal
Normal,Normal
Normal,Anxiety
Normal,Normal
Normal,Normal
Normal,Normal
Depression,Depression
Depression,Depression
Depression,Depression
Normal,Normal
Depression,Anxiety
Suicidal,Depression
Depression,Depression
Depression,Depression
Suicidal,Suicidal
Depression,Depression
Depression,Suicidal
Depression,Personality disorder
Depression,Depression
Normal,Normal
Depression,Suicidal
Depression,Depression
Depression,Personality disorder
Suicidal,Suicidal
Normal,Normal
Normal,Normal
Normal,Stress
Depression,Suicidal
Normal,Normal
Normal,Normal
Suicidal,Suicidal
Depression,Depression
Depression,Anxiety
Depression,Depression
Anxiety,Anxiety
Depression,Normal
Normal,Normal
Normal,Normal
Normal,Depression
Depression,Normal
Normal,Normal
Depression,Anxiety
Normal,Normal
Depression,Normal
Depression,Depression
Normal,Normal
Normal,Stress
Depression,Suicidal
Depression,Suicidal
Suicidal,Suicidal
Depression,Normal
Normal,Normal
Normal,Depression
Depression,Anxiety
Suicidal,Depression
Depression,Bipolar
Normal,Normal
Normal,Normal
Depression,Depression
Suicidal,Suicidal
Bipolar,Suicidal
Depression,Depression
Depression,Bipolar
Depression,Depression
Normal,Normal
Depression,Stress
Depression,Bipolar
Depression,Depression
Normal,Normal
Normal,Normal
Suicidal,Suicidal
Depression,Bipolar
Depression,Stress
Normal,Depression
Depression,Suicidal
Normal,Normal
Normal,Normal
Normal,Normal
Depression,Suicidal
Normal,Normal
Suicidal,Suicidal
Depression,Suicidal
Normal,Normal
Depression,Depression
Normal,Suicidal
Suicidal,Stress
Suicidal,Stress
Normal,Normal
Normal,Depression
Depression,Bipolar
Normal,Normal
Depression,Depression
Normal,Normal
Depression,Depression
Normal,Normal
Depression,Stress
Depression,Depression
Normal,Normal
Normal,Normal
Normal,Normal
Depression,Anxiety
Normal,Normal
Depression,Bipolar
Normal,Normal
Normal,Normal
Depression,Depression
Normal,Normal
Normal,Normal
Depression,Personality disorder
Depression,Suicidal
Normal,Anxiety
Depression,Suicidal
Depression,Depression
Normal,Suicidal
Stress,Personality disorder
Depression,Suicidal
Normal,Depression
Depression,Depression
Depression,Suicidal
Depression,Stress
Depression,Suicidal
Depression,Suicidal
Depression,Bipolar
Depression,Normal
Depression,Stress
Depression,Anxiety
Depression,Depression
Normal,Normal
Depression,Depression
Suicidal,Normal
Depression,Depression
Normal,Normal
Depression,Depression
Depression,Depression
Depression,Depression
Depression,Suicidal
Normal,Normal
Normal,Anxiety
Normal,Normal
Depression,Normal
Depression,Stress
Bipolar,Depression
Depression,Normal
Suicidal,Suicidal
Bipolar,Normal
Normal,Normal
Normal,Personality disorder
Depression,Suicidal
Depression,Stress
Normal,Normal
Stress,Normal
Depression,Depression
Normal,Normal
Suicidal,Depression
Depression,Suicidal
Depression,Suicidal
Normal,Normal
Depression,Anxiety
Depression,Anxiety
Suicidal,Suicidal
Suicidal,Depression
Depression,Suicidal
Depression,Depression
Normal,Normal
Depression,Depression
Suicidal,Suicidal
Depression,Normal
Depression,Depression
Depression,Depression
Depression,Anxiety
Normal,Normal
Depression,Suicidal
Suicidal,Suicidal
Normal,Bipolar
Normal,Normal
Normal,Normal
Normal,Normal
Depression,Depression
Normal,Normal
Depression,Normal
Depression,Suicidal
Depression,Suicidal
Bipolar,Normal
Depression,Stress
Depression,Stress
Suicidal,Depression
Normal,Normal
Depression,Anxiety
Depression,Depression
Depression,Depression
Normal,Suicidal
Normal,Normal
Depression,Depression
Normal,Stress
Suicidal,Depression
Normal,Suicidal
Depression,Suicidal
Depression,Suicidal
Normal,Normal
Depression,Bipolar
Normal,Normal
Depression,Normal
Normal,Normal
Normal,Normal
Normal,Normal
Normal,Normal
Normal,Normal
Depression,Anxiety
Depression,Depression
Normal,Normal
Suicidal,Depression
Normal,Normal
Normal,Normal
Normal,Suicidal
Normal,Normal
Normal,Normal
Suicidal,Depression
Normal,Normal
Depression,Depression
Depression,Normal
Anxiety,Anxiety
Depression,Anxiety
Depression,Suicidal
Depression,Suicidal
Normal,Normal
Depression,Anxiety
Suicidal,Suicidal
Depression,Suicidal
Normal,Normal
Depression,Suicidal
Normal,Suicidal
Depression,Suicidal
Normal,Normal
Bipolar,Stress
Normal,Normal
Depression,Depression
Normal,Normal
Depression,Anxiety
Normal,Normal
Normal,Normal
Depression,Depression
Depression,Suicidal
Depression,Anxiety
Suicidal,Suicidal
Depression,Anxiety
Depression,Suicidal
Suicidal,Depression
Normal,Normal
Depression,Anxiety
Suicidal,Depression
Suicidal,Suicidal
Depression,Stress
Normal,Normal
Depression,Depression
Normal,Normal
Depression,Personality disorder
Depression,Depression
Normal,Normal
Depression,Depression
Depression,Depression
Depression,Suicidal
Depression,Suicidal
Depression,Suicidal
Depression,Suicidal
Normal,Normal
Depression,Suicidal
Depression,Suicidal
Normal,Normal
Normal,Bipolar
Depression,Stress
Depression,Stress
Depression,Bipolar
Suicidal,Depression
Depression,Stress
Normal,Normal
Normal,Normal
Normal,Normal
Normal,Normal
Normal,Normal
Depression,Depression
Depression,Anxiety
Normal,Normal
Depression,Suicidal
Depression,Suicidal
Normal,Anxiety
Depression,Depression
Normal,Normal
Normal,Normal
Normal,Normal
Depression,Depression
Depression,Depression
Depression,Stress
Suicidal,Suicidal
Depression,Bipolar
Normal,Normal
Depression,Depression
Depression,Stress
Normal,Bipolar
Depression,Depression
Normal,Normal
Depression,Anxiety
Depression,Anxiety
Suicidal,Suicidal
Normal,Normal
Depression,Depression
Normal,Normal
Suicidal,Bipolar
Suicidal,Normal
Suicidal,Depression
Depression,Bipolar
Depression,Suicidal
Suicidal,Suicidal
Bipolar,Normal
Suicidal,Suicidal
Depression,Depression
Normal,Normal
Depression,Anxiety
Depression,Depression
Suicidal,Bipolar
Depression,Stress
Normal,Normal
Normal,Stress
Depression,Depression
Suicidal,Suicidal
Depression,Depression
Depression,Depression
Depression,Stress
Suicidal,Suicidal
Suicidal,Depression
Depression,Depression
Normal,Normal
Depression,Suicidal
Depression,Suicidal
Depression,Suicidal
Normal,Normal
Depression,Bipolar
Depression,Anxiety
Suicidal,Depression
Normal,Normal
Suicidal,Suicidal
Suicidal,Suicidal
Depression,Depression
Normal,Normal
Normal,Normal
Depression,Anxiety
Normal,Normal
Normal,Normal
Depression,Normal
Depression,Suicidal
Depression,Anxiety
Depression,Bipolar
Normal,Normal
Depression,Depression
Normal,Normal
Depression,Anxiety
Depression,Bipolar
Depression,Suicidal
Normal,Normal
Depression,Depression
Normal,Normal
Depression,Depression
Depression,Anxiety
Depression,Suicidal
Normal,Normal
Normal,Normal
Depression,Bipolar
Depression,Suicidal
Suicidal,Depression
Depression,Depression
Normal,Normal
Normal,Normal
Depression,Suicidal
Depression,Depression
Normal,Normal
Depression,Depression
Depression,Personality disorder
Depression,Anxiety
Depression,Depression
Normal,Normal
Normal,Normal
Depression,Depression
Depression,Depression
Normal,Suicidal
Normal,Normal
Normal,Normal
Depression,Anxiety
Normal,Personality disorder
Suicidal,Depression
Depression,Normal
Suicidal,Suicidal
Normal,Anxiety
Depression,Suicidal
Normal,Normal
Depression,Personality disorder
Depression,Stress
Depression,Depression
Depression,Depression
Normal,Normal
Depression,Depression
Depression,Suicidal
Normal,Personality disorder
Depression,Depression
Normal,Normal
Depression,Personality disorder
Normal,Normal
Depression,Suicidal
Depression,Bipolar
Depression,Suicidal
Suicidal,Suicidal
Normal,Normal
Depression,Depression
Normal,Normal
Depression,Suicidal
Normal,Normal
Depression,Stress
Anxiety,Bipolar
Depression,Suicidal
Depression,Depression
Depression,Bipolar
Normal,Normal
Depression,Depression
Depression,Bipolar
Normal,Normal
Normal,Normal
Suicidal,Suicidal
Depression,Personality disorder
Suicidal,Depression
Depression,Suicidal
Depression,Depression
Normal,Normal
Depression,Anxiety
Depression,Depression
Normal,Normal
Normal,Normal
Depression,Suicidal
Anxiety,Depression
Suicidal,Suicidal
Normal,Normal
Depression,Depression
Normal,Bipolar
Normal,Normal
Depression,Depression
Normal,Normal
Depression,Suicidal
Depression,Personality disorder
Normal,Depression
Bipolar,Depression
Suicidal,Suicidal
Depression,Anxiety
Depression,Personality disorder
Suicidal,Suicidal
Depression,Stress
Depression,Depression
Depression,Personality disorder
Depression,Stress
Depression,Bipolar
Depression,Depression
Depression,Depression
Normal,Normal
Depression,Depression
Depression,Stress
Depression,Depression
Depression,Suicidal
Normal,Normal
Depression,Stress
Normal,Normal
Depression,Depression
Depression,Depression
Depression,Depression
Normal,Normal
Depression,Anxiety
Normal,Normal
Stress,Suicidal
Normal,Normal
Depression,Depression
Depression,Normal
Normal,Normal
Depression,Depression
Depression,Suicidal
Normal,Normal
Normal,Normal
Depression,Suicidal
Depression,Normal
Normal,Normal
Normal,Normal
Depression,Suicidal
Depression,Anxiety
Depression,Bipolar
Normal,Stress
Normal,Normal
Normal,Normal
Normal,Normal
Normal,Normal
Depression,Suicidal
Normal,Normal
Depression,Suicidal
Depression,Suicidal
Suicidal,Depression
Normal,Normal
Depression,Depression
Depression,Depression
Normal,Normal
Depression,Depression
Depression,Suicidal
Suicidal,Depression
Normal,Normal
Normal,Normal
Normal,Suicidal
Depression,Suicidal
Depression,Suicidal
Depression,Suicidal
Suicidal,Depression
Suicidal,Suicidal
Depression,Suicidal
Normal,Normal
Normal,Normal
Normal,Personality disorder
Depression,Suicidal
Anxiety,Normal
Depression,Suicidal
Depression,Depression
Suicidal,Depression
Normal,Normal
Suicidal,Normal
Suicidal,Suicidal
Depression,Depression
Depression,Depression
Normal,Normal
Normal,Normal
Depression,Depression
Depression,Stress
Depression,Depression
Depression,Stress
Depression,Suicidal
Depression,Bipolar
Normal,Normal
Depression,Bipolar
Normal,Normal
Suicidal,Normal
Suicidal,Depression
Depression,Depression
Depression,Depression
Depression,Anxiety
Normal,Normal
Depression,Suicidal
Suicidal,Depression
Depression,Depression
Normal,Normal
Depression,Anxiety
Depression,Anxiety
Depression,Normal
Normal,Depression
Normal,Normal
Normal,Normal
Depression,Suicidal
Depression,Anxiety
Depression,Bipolar
Depression,Anxiety
Normal,Normal
Normal,Depression
Depression,Depression
Depression,Depression
Depression,Depression
Normal,Normal
Depression,Anxiety
Depression,Stress
Normal,Bipolar
Suicidal,Suicidal
Depression,Bipolar
Depression,Depression
Normal,Normal
Normal,Normal
Depression,Personality disorder
Normal,Normal
Suicidal,Suicidal
Suicidal,Suicidal
Depression,Depression
Normal,Normal
Depression,Depression
Depression,Anxiety
Normal,Normal
Depression,Suicidal
Normal,Personality disorder
Normal,Normal
Normal,Normal
Depression,Depression
Suicidal,Normal
Depression,Depression
Depression,Bipolar
Depression,Depression
Depression,Depression
Suicidal,Suicidal
Suicidal,Suicidal
Normal,Normal
Depression,Suicidal
Depression,Depression
Suicidal,Stress
Suicidal,Personality disorder
Depression,Suicidal
Depression,Suicidal
Depression,Depression
Normal,Normal
Suicidal,Suicidal
Normal,Normal
Depression,Normal
Depression,Depression
Depression,Normal
Normal,Normal
Normal,Normal
Normal,Normal
Normal,Normal
Normal,Normal
Depression,Suicidal
Suicidal,Depression
Normal,Normal
Depression,Suicidal
Depression,Suicidal
Depression,Suicidal
Depression,Depression
Normal,Anxiety
Depression,Anxiety
Depression,Suicidal
Normal,Normal
Normal,Normal
Normal,Normal
Normal,Normal
Depression,Depression
Depression,Depression
Normal,Normal
Depression,Suicidal
Depression,Depression
Normal,Depression
Depression,Suicidal
Depression,Bipolar
Suicidal,Suicidal
Normal,Normal
Normal,Normal
Depression,Depression
Depression,Bipolar
Depression,Bipolar
Normal,Normal
Normal,Depression
Depression,Depression
Depression,Anxiety
Depression,Depression
Depression,Depression
Normal,Normal
Depression,Personality disorder
Depression,Suicidal
Depression,Depression
Normal,Normal
Depression,Depression
Normal,Normal
Normal,Normal
Depression,Depression
Normal,Normal
Depression,Depression
Depression,Depression
Depression,Depression
Suicidal,Stress
Normal,Normal
Depression,Depression
Depression,Depression
Normal,Normal
Normal,Normal
Normal,Personality disorder
Depression,Depression
Depression,Normal
Depression,Anxiety
Normal,Normal
Normal,Normal
Depression,Personality disorder
Depression,Anxiety
Normal,Normal
Normal,Normal
Normal,Normal
Suicidal,Depression
Normal,Suicidal
Depression,Bipolar
Normal,Anxiety
Normal,Normal
Normal,Normal
Depression,Depression
Depression,Depression
Normal,Personality disorder
Depression,Stress
Normal,Normal
Depression,Depression
Suicidal,Suicidal
Depression,Bipolar
Suicidal,Anxiety
Depression,Depression
Depression,Suicidal
Depression,Suicidal
Depression,Depression
Normal,Suicidal
Depression,Depression
Depression,Normal
Normal,Normal
Normal,Normal
Depression,Depression
Depression,Depression
Depression,Suicidal
Normal,Normal
Suicidal,Depression
Suicidal,Suicidal
Normal,Normal
Depression,Suicidal
Depression,Depression
Depression,Stress
Depression,Depression
Depression,Suicidal
Normal,Normal
Depression,Suicidal
Depression,Bipolar
Depression,Depression
Depression,Anxiety
Normal,Normal
Depression,Suicidal
Suicidal,Depression
Normal,Normal
Depression,Depression
Depression,Anxiety
Bipolar,Bipolar
Normal,Normal
Depression,Depression
Depression,Normal
Normal,Normal
Depression,Suicidal
Normal,Normal
Depression,Suicidal
Depression,Normal
Depression,Depression
Depression,Depression
Depression,Suicidal
Normal,Normal
Depression,Bipolar
Depression,Depression
Suicidal,Suicidal
Normal,Normal
Depression,Depression
Suicidal,Suicidal
Suicidal,Suicidal
Depression,Depression
Depression,Suicidal
Normal,Normal
Normal,Normal
Depression,Bipolar
Depression,Suicidal
Normal,Anxiety
Depression,Bipolar
Normal,Normal
Depression,Bipolar
Depression,Suicidal
Normal,Normal
Normal,Normal
Depression,Suicidal
Depression,Suicidal
Normal,Personality disorder
Normal,Normal
Suicidal,Depression
Normal,Normal
Normal,Normal
Depression,Suicidal
Depression,Depression
Depression,Depression
Normal,Normal
Normal,Normal
Depression,Suicidal
Normal,Normal
Normal,Stress
Normal,Normal
Normal,Anxiety
Depression,Suicidal
Depression,Depression
Depression,Suicidal
Depression,Anxiety
Normal,Personality disorder
Suicidal,Suicidal
Normal,Normal
Normal,Normal
Suicidal,Depression
Suicidal,Suicidal
Depression,Suicidal
Depression,Depression
Normal,Normal
Stress,Normal
Depression,Suicidal
Depression,Depression
Depression,Stress
Suicidal,Suicidal
Suicidal,Suicidal
Normal,Normal
Depression,Suicidal
Depression,Personality disorder
Depression,Stress
Normal,Normal
Suicidal,Depression
Depression,Suicidal
Depression,Anxiety
Normal,Normal
Depression,Depression
Suicidal,Depression
Depression,Suicidal
Normal,Normal
Normal,Normal
Normal,Normal
Depression,Bipolar
Normal,Stress
Suicidal,Suicidal
Depression,Anxiety
Depression,Suicidal
Normal,Normal
Stress,Normal
Depression,Depression
Depression,Anxiety
Depression,Suicidal
Depression,Suicidal
Depression,Depression
Bipolar,Depression
Depression,Suicidal
Depression,Normal
Depression,Stress
Normal,Normal
Normal,Stress
Normal,Normal
Suicidal,Suicidal
Depression,Depression
Depression,Depression
Depression,Anxiety
Normal,Stress
Depression,Depression
Suicidal,Depression
Depression,Suicidal
Depression,Bipolar
Depression,Depression
Suicidal,Stress
Depression,Normal
Depression,Suicidal
Depression,Stress
Normal,Normal
Depression,Anxiety
Depression,Depression
Depression,Depression
Normal,Normal
Depression,Normal
Bipolar,Normal
Suicidal,Suicidal
Depression,Personality disorder
Normal,Normal
Normal,Normal
Depression,Depression
Normal,Normal
Depression,Anxiety
Depression,Depression
Depression,Depression
Normal,Normal
Normal,Normal
Depression,Normal
Depression,Suicidal
Depression,Stress
Depression,Bipolar
Normal,Normal
Depression,Normal
Depression,Depression
Depression,Bipolar
Depression,Depression
Depression,Suicidal
Normal,Normal
Normal,Normal
Normal,Normal
Normal,Suicidal
Depression,Depression
Suicidal,Normal
Normal,Normal
Depression,Normal
Depression,Stress
Depression,Suicidal
Anxiety,Bipolar
Depression,Personality disorder
Normal,Normal
Normal,Normal
Normal,Suicidal
Normal,Normal
Depression,Suicidal
Normal,Depression
Suicidal,Depression
Depression,Depression
Normal,Normal
Depression,Bipolar
Depression,Suicidal
Normal,Normal
Depression,Normal
Depression,Suicidal
Depression,Suicidal
Normal,Personality disorder
Depression,Depression
Depression,Suicidal
Depression,Suicidal
Depression,Anxiety
Depression,Suicidal
Normal,Bipolar
Normal,Normal
Depression,Anxiety
Depression,Depression
Depression,Stress
Normal,Normal
Depression,Stress
Normal,Normal
Depression,Depression
Depression,Depression
Depression,Depression
Normal,Normal
Suicidal,Suicidal
Normal,Normal
Normal,Normal
Depression,Depression
Depression,Suicidal
Normal,Normal
Depression,Bipolar
Suicidal,Depression
Normal,Bipolar
Normal,Normal
Depression,Depression
Normal,Normal
Normal,Normal
Depression,Suicidal
Depression,Depression
Depression,Suicidal
Depression,Suicidal
Depression,Suicidal
Depression,Depression
Suicidal,Suicidal
Normal,Normal
Normal,Normal
Depression,Depression
Normal,Normal
Depression,Bipolar
Depression,Depression
Bipolar,Stress
Normal,Normal
Normal,Normal
Depression,Depression
Anxiety,Normal
Normal,Normal
Depression,Suicidal
Depression,Suicidal
Suicidal,Suicidal
Normal,Normal
Depression,Depression
Depression,Anxiety
Depression,Suicidal
Depression,Suicidal
Depression,Suicidal
Normal,Normal
Depression,Depression
Suicidal,Suicidal
Depression,Suicidal
Depression,Bipolar
Depression,Depression
Normal,Normal
Depression,Suicidal
Depression,Normal
Normal,Normal
Depression,Depression
Depression,Bipolar
Suicidal,Bipolar
Normal,Normal
Depression,Suicidal
Depression,Bipolar
Normal,Normal
Depression,Suicidal
Depression,Depression
Depression,Depression
Depression,Depression
Suicidal,Stress
Depression,Bipolar
Depression,Depression
Depression,Depression
Depression,Depression
Normal,Normal
Normal,Normal
Depression,Depression
Depression,Stress
Depression,Suicidal
Depression,Suicidal
Normal,Normal
Suicidal,Depression
Depression,Suicidal
Normal,Normal
Normal,Normal
Suicidal,Suicidal
Depression,Depression
Normal,Normal
Depression,Stress
Depression,Depression
Normal,Normal
Normal,Normal
Normal,Normal
Normal,Normal
Suicidal,Suicidal
Normal,Normal
Depression,Anxiety
Depression,Suicidal
Depression,Suicidal
Depression,Depression
Depression,Depression
Normal,Normal
Suicidal,Normal
Depression,Depression
Depression,Depression
Normal,Normal
Normal,Normal
Depression,Bipolar
Depression,Suicidal
Normal,Normal
Suicidal,Suicidal
Depression,Depression
Normal,Normal
Depression,Suicidal
Depression,Depression
Depression,Normal
Suicidal,Suicidal
Normal,Normal
Depression,Suicidal
Depression,Suicidal
Depression,Bipolar
Depression,Suicidal
Depression,Depression
Normal,Normal
Depression,Suicidal
Depression,Anxiety
Normal,Normal
Normal,Normal
Depression,Depression
Depression,Depression
Normal,Normal
Depression,Depression
Suicidal,Depression
Depression,Depression
Depression,Depression
Depression,Bipolar
Normal,Suicidal
Anxiety,Suicidal
Depression,Bipolar
Depression,Depression
Normal,Normal
Depression,Depression
Suicidal,Suicidal
Depression,Bipolar
Depression,Depression
Bipolar,Stress
Depression,Depression
Depression,Depression
Depression,Bipolar
Depression,Bipolar
Normal,Normal
Depression,Suicidal
Normal,Normal
Normal,Normal
Depression,Depression
Normal,Normal
Depression,Suicidal
Normal,Normal
Depression,Depression
Depression,Suicidal
Depression,Suicidal
Depression,Depression
Depression,Depression
Depression,Suicidal
Normal,Normal
Depression,Depression
Bipolar,Anxiety
Depression,Depression
Normal,Stress
Depression,Depression
Normal,Normal
Normal,Normal
Normal,Normal
Depression,Suicidal
Depression,Suicidal
Normal,Normal
Depression,Suicidal
Depression,Depression
Normal,Normal
Bipolar,Stress
Depression,Depression
Depression,Anxiety
Suicidal,Suicidal
Normal,Normal
Depression,Suicidal
Depression,Suicidal
Normal,Normal
Depression,Depression
Normal,Normal
Depression,Suicidal
Normal,Depression
Depression,Depression
Depression,Anxiety
Stress,Normal
Depression,Suicidal
Suicidal,Suicidal
Depression,Stress
Normal,Normal
Depression,Suicidal
Depression,Personality disorder
Normal,Bipolar
Depression,Depression
Depression,Suicidal
Depression,Depression
Depression,Suicidal
Depression,Normal
Depression,Stress
Normal,Stress
Normal,Normal
Depression,Suicidal
Depression,Depression
Suicidal,Personality disorder
Normal,Normal
Depression,Suicidal
Normal,Depression
Normal,Normal
Normal,Normal
Depression,Depression
Depression,Suicidal
Suicidal,Anxiety
Normal,Normal
Depression,Depression
Depression,Depression
Depression,Depression
Suicidal,Normal
Normal,Normal
Depression,Anxiety
Depression,Personality disorder
Depression,Anxiety
Depression,Stress
Depression,Depression
Normal,Suicidal
Normal,Normal
Depression,Anxiety
Depression,Depression
Normal,Normal
Depression,Depression
Depression,Depression
Depression,Depression
Normal,Suicidal
Suicidal,Suicidal
Normal,Normal
Depression,Suicidal
Depression,Anxiety
Normal,Normal
Normal,Normal
Depression,Suicidal
Normal,Normal
Depression,Depression
Depression,Stress
Normal,Normal
Normal,Normal
Depression,Suicidal
Normal,Normal
Depression,Depression
Depression,Depression
Suicidal,Suicidal
Depression,Depression
Depression,Depression
Depression,Depression
Depression,Bipolar
Depression,Suicidal
Normal,Suicidal
Normal,Normal
Normal,Normal
Depression,Suicidal
Normal,Normal
Suicidal,Normal
Depression,Depression
Normal,Depression
Suicidal,Normal
Normal,Normal
Normal,Normal
Normal,Normal
Suicidal,Depression
Normal,Normal
Depression,Suicidal
Normal,Normal
Normal,Normal
Depression,Suicidal
Normal,Normal
Depression,Suicidal
Depression,Depression
Normal,Anxiety
Depression,Depression
Normal,Normal
Depression,Depression
Depression,Depression
Depression,Suicidal
Depression,Bipolar
Anxiety,Normal
Depression,Bipolar
Depression,Depression
Bipolar,Stress
Normal,Normal
Depression,Anxiety
Normal,Normal
Depression,Bipolar
Normal,Normal
Suicidal,Depression
Depression,Stress
Normal,Normal
Depression,Depression
Depression,Anxiety
Suicidal,Depression
Normal,Depression
Depression,Anxiety
Depression,Anxiety
Depression,Stress
Normal,Normal
Normal,Normal
Depression,Depression
Depression,Depression
Suicidal,Depression
Depression,Anxiety
Depression,Depression
Depression,Suicidal
Depression,Depression
Depression,Normal
Depression,Bipolar
Depression,Anxiety
Suicidal,Suicidal
Depression,Anxiety
Depression,Normal
Depression,Depression
Suicidal,Depression
Normal,Normal
Depression,Suicidal
Depression,Depression
Depression,Depression
Depression,Anxiety
Depression,Normal
Depression,Stress
Depression,Depression
Depression,Depression
Depression,Suicidal
Depression,Normal
Depression,Stress
Depression,Stress
Depression,Depression
Depression,Stress
Normal,Normal
Depression,Anxiety
Suicidal,Suicidal
Normal,Normal
Suicidal,Suicidal
Suicidal,Suicidal
Depression,Suicidal
Depression,Suicidal
Depression,Suicidal
Depression,Suicidal
Depression,Normal
Depression,Depression
Depression,Bipolar
Depression,Suicidal
Depression,Depression
Depression,Anxiety
Depression,Depression
Normal,Anxiety
Normal,Normal
Normal,Normal
Normal,Normal
Depression,Suicidal
Depression,Suicidal
Depression,Bipolar
Depression,Suicidal
Normal,Depression
Depression,Anxiety
Depression,Depression
Depression,Depression
Normal,Normal
Depression,Depression
Depression,Bipolar
Depression,Suicidal
Suicidal,Stress
Depression,Depression
Depression,Stress
Normal,Normal
Normal,Normal
Normal,Suicidal
Normal,Normal
Normal,Normal
Depression,Depression
Depression,Bipolar
Depression,Suicidal
Normal,Normal
Depression,Bipolar
Depression,Depression
Depression,Depression
Normal,Suicidal
Depression,Depression
Suicidal,Suicidal
Depression,Bipolar
Suicidal,Suicidal
Normal,Depression
Normal,Normal
Depression,Depression
Depression,Normal
Depression,Suicidal
Depression,Suicidal
Normal,Normal
Depression,Personality disorder
Depression,Stress
Normal,Normal
Normal,Normal
Depression,Depression
Normal,Normal
Suicidal,Normal
Normal,Suicidal
Depression,Anxiety
Normal,Normal
Depression,Normal
Normal,Stress
Depression,Depression
Normal,Normal
Normal,Normal
Depression,Depression
Depression,Depression
Normal,Normal
Depression,Suicidal
Depression,Stress
Normal,Normal
Depression,Depression
Anxiety,Anxiety
Normal,Normal
Depression,Suicidal
Depression,Depression
Normal,Normal
Suicidal,Normal
Depression,Suicidal
Normal,Depression
Depression,Depression
Depression,Depression
Suicidal,Suicidal
Depression,Depression
Depression,Anxiety
Normal,Normal
Suicidal,Depression
Depression,Depression
Depression,Depression
Normal,Normal
Suicidal,Depression
Depression,Normal
Normal,Stress
Depression,Suicidal
Normal,Normal
Normal,Anxiety
Depression,Suicidal
Normal,Anxiety
Normal,Normal
Depression,Depression
Normal,Normal
Normal,Normal
Normal,Normal
Normal,Suicidal
Depression,Suicidal
Depression,Anxiety
Normal,Normal
Depression,Depression
Depression,Anxiety
Normal,Anxiety
Normal,Normal
Depression,Stress
Depression,Anxiety
Suicidal,Depression
Depression,Suicidal
Normal,Normal
Suicidal,Normal
Depression,Normal
Depression,Bipolar
Depression,Depression
Depression,Suicidal
Normal,Normal
Depression,Depression
Suicidal,Normal
Depression,Stress
Normal,Normal
Depression,Bipolar
Normal,Normal
Depression,Bipolar
Depression,Suicidal
Depression,Stress
Depression,Stress
Depression,Depression
Normal,Normal
Suicidal,Depression
Normal,Suicidal
Depression,Suicidal
Normal,Normal
Depression,Personality disorder
Depression,Suicidal
Depression,Depression
Depression,Normal
Depression,Suicidal
Suicidal,Suicidal
Depression,Suicidal
Depression,Depression
Depression,Stress
Depression,Stress
Normal,Anxiety
Depression,Depression
Depression,Depression
Suicidal,Depression
Normal,Normal
Depression,Depression
Depression,Suicidal
Normal,Normal
Normal,Normal
Normal,Normal
Normal,Normal
Depression,Depression
Depression,Depression
Depression,Anxiety
Depression,Bipolar
Depression,Depression
Normal,Normal
Depression,Suicidal
Normal,Normal
Suicidal,Depression
Bipolar,Depression
Normal,Normal
Normal,Normal
Normal,Personality disorder
Normal,Normal
Depression,Stress
Suicidal,Normal
Normal,Normal
Depression,Anxiety
Depression,Suicidal
Normal,Normal
Depression,Depression
Normal,Normal
Depression,Depression
Suicidal,Depression
Depression,Depression
Normal,Anxiety
Depression,Normal
Depression,Bipolar
Normal,Normal
Depression,Depression
Normal,Bipolar
Depression,Depression
Anxiety,Anxiety
Suicidal,Depression
Depression,Suicidal
Normal,Normal
Depression,Depression
Normal,Bipolar
Depression,Bipolar
Depression,Suicidal
Normal,Normal
Depression,Depression
Depression,Depression
Depression,Depression
Depression,Suicidal
Normal,Normal
Depression,Anxiety
Depression,Depression
Normal,Depression
Depression,Depression
Normal,Depression
Depression,Depression
Normal,Normal
Normal,Normal
Depression,Depression
Depression,Depression
Normal,Normal
Depression,Depression
Suicidal,Stress
Depression,Anxiety
Depression,Depression
Depression,Anxiety
Depression,Depression
Depression,Depression
Normal,Normal
Depression,Depression
Depression,Depression
Depression,Depression
Depression,Suicidal
Depression,Bipolar
Depression,Depression
Depression,Suicidal
Depression,Bipolar
Normal,Bipolar
Bipolar,Stress
Normal,Normal
Depression,Depression
Normal,Normal
Normal,Normal
Depression,Suicidal
Bipolar,Stress
Depression,Anxiety
Normal,Normal
Normal,Normal
Depression,Depression
Depression,Depression
Depression,Suicidal
Depression,Bipolar
Depression,Anxiety
Depression,Stress
Depression,Depression
Normal,Normal
Depression,Stress
Depression,Bipolar
Depression,Anxiety
Suicidal,Depression
Suicidal,Suicidal
Suicidal,Suicidal
Normal,Normal
Normal,Normal
Depression,Depression
Depression,Anxiety
Depression,Depression
Depression,Suicidal
Depression,Bipolar
Depression,Suicidal
Depression,Suicidal
Depression,Depression
Depression,Depression
Depression,Depression
Normal,Suicidal
Depression,Depression
Depression,Personality disorder
Normal,Normal
Normal,Normal
Depression,Depression
Normal,Depression
Depression,Suicidal
Depression,Stress
Depression,Depression
Depression,Normal
Normal,Normal
Depression,Normal
Depression,Suicidal
Suicidal,Suicidal
Normal,Anxiety
Depression,Suicidal
Normal,Normal
Normal,Normal
Depression,Depression
Depression,Suicidal
Normal,Normal
Normal,Normal
Depression,Suicidal
Depression,Anxiety
Bipolar,Depression
Normal,Normal
Suicidal,Depression
Depression,Stress
Normal,Normal
Normal,Depression
Normal,Stress
Normal,Normal
Depression,Anxiety
Normal,Normal
Depression,Suicidal
Depression,Suicidal
Suicidal,Bipolar
Depression,Suicidal
Depression,Bipolar
Depression,Bipolar
Depression,Depression
Suicidal,Bipolar
Suicidal,Depression
Normal,Suicidal
Suicidal,Depression
Suicidal,Bipolar
Depression,Depression
Normal,Anxiety
Depression,Suicidal
Depression,Depression
Depression,Suicidal
Suicidal,Suicidal
Depression,Stress
Normal,Normal
Depression,Suicidal
Depression,Anxiety
Suicidal,Depression
Depression,Suicidal
Suicidal,Suicidal
Normal,Normal
Depression,Bipolar
Normal,Normal
Depression,Suicidal
Normal,Normal
Anxiety,Normal
Depression,Anxiety
Depression,Suicidal
Depression,Depression
Suicidal,Depression
Normal,Normal
Depression,Suicidal
Depression,Suicidal
Depression,Stress
Normal,Normal
Depression,Bipolar
Normal,Normal
Depression,Suicidal
Suicidal,Suicidal
Depression,Bipolar
Normal,Depression
Depression,Depression
Depression,Bipolar
Depression,Normal
Normal,Normal
Normal,Normal
Depression,Suicidal
Normal,Normal
Normal,Suicidal
Suicidal,Depression
Normal,Normal
Depression,Depression
Bipolar,Normal
Depression,Depression
Suicidal,Depression
Suicidal,Suicidal
Normal,Normal
Depression,Depression
Suicidal,Suicidal
Anxiety,Depression
Depression,Depression
Depression,Depression
Depression,Stress
Depression,Depression
Normal,Normal
Depression,Anxiety
Normal,Normal
Depression,Normal
Depression,Suicidal
Depression,Suicidal
Normal,Normal
Depression,Suicidal
Depression,Anxiety
Depression,Bipolar
Depression,Depression
Depression,Suicidal
Normal,Normal
Normal,Bipolar
Suicidal,Suicidal
Depression,Stress
Normal,Bipolar
Depression,Suicidal
Normal,Normal
Depression,Depression
Depression,Depression
Normal,Normal
Depression,Personality disorder
Depression,Depression
Depression,Suicidal
Bipolar,Stress
Depression,Anxiety
Depression,Suicidal
Depression,Suicidal
Depression,Depression
Depression,Suicidal
Depression,Depression
Depression,Depression
Depression,Suicidal
Depression,Depression
Depression,Bipolar
Depression,Suicidal
Depression,Suicidal
Depression,Depression
Normal,Normal
Depression,Anxiety
Depression,Suicidal
Depression,Suicidal
Depression,Depression
Depression,Suicidal
Normal,Normal
Suicidal,Suicidal
Depression,Depression
Normal,Normal
Suicidal,Normal
Anxiety,Suicidal
Depression,Depression
Depression,Depression
Normal,Anxiety
Depression,Depression
Normal,Personality disorder
Suicidal,Suicidal
Depression,Depression
Depression,Normal
Normal,Normal
Depression,Normal
Depression,Anxiety
Depression,Suicidal
Depression,Depression
Normal,Normal
Normal,Suicidal
Depression,Depression
Normal,Bipolar
Depression,Normal
Normal,Normal
Normal,Normal
Depression,Anxiety
Normal,Normal
Normal,Normal
Depression,Bipolar
Depression,Depression
Normal,Normal
Normal,Normal
Depression,Depression
Normal,Normal
Suicidal,Depression
Normal,Suicidal
Depression,Depression
Suicidal,Normal
Depression,Bipolar
Normal,Anxiety
Normal,Normal
Normal,Normal
Normal,Normal
Normal,Normal
Normal,Normal
Normal,Normal
Depression,Suicidal
Depression,Suicidal
Depression,Anxiety
Depression,Bipolar
Depression,Stress
Depression,Depression
Normal,Normal
Normal,Normal
Depression,Depression
Normal,Normal
Depression,Suicidal
Depression,Suicidal
Normal,Normal
Depression,Suicidal
Normal,Suicidal
Normal,Normal
Normal,Normal
Depression,Suicidal
Normal,Normal
Depression,Depression
Normal,Personality disorder
Depression,Bipolar
Depression,Depression
Suicidal,Suicidal
Bipolar,Bipolar
Depression,Depression
Normal,Normal
Normal,Normal
Depression,Depression
Depression,Depression
Depression,Depression
Depression,Depression
Depression,Suicidal
Depression,Depression
Normal,Normal
Depression,Suicidal
Depression,Suicidal
Depression,Stress
Normal,Normal
Depression,Depression
Depression,Personality disorder
Depression,Depression
Suicidal,Depression
Suicidal,Depression
Normal,Normal
Suicidal,Depression
Normal,Normal
Depression,Suicidal
Depression,Suicidal
Depression,Suicidal
Normal,Normal
Depression,Depression
Suicidal,Suicidal
Normal,Normal
Depression,Stress
Normal,Normal
Depression,Suicidal
Depression,Suicidal
Depression,Suicidal
Depression,Depression
Suicidal,Suicidal
Depression,Depression
Depression,Depression
Anxiety,Depression
Depression,Bipolar
Normal,Normal
Depression,Personality disorder
Normal,Anxiety
Depression,Depression
